file_name,status,chunks,has_error,latest_error_summary
3D Geometry.pdf,INGESTED,17,False,
"Alchohols, Phenols and Ethers.pdf",INGESTED,34,False,
"Aldehydes, Ketones and Carboxylic Acids.pdf",INGESTED,33,False,
Alternating Current.pdf,INGESTED,24,False,
Amines.pdf,INGESTED,22,False,
Application of Integrals.pdf,INGESTED,8,False,
Applications of Derivatioves.pdf,INGESTED,40,False,
Atoms.pdf,INGESTED,16,False,
Biodiversity and its Conservation.pdf,INGESTED,13,False,
Biomolecules.pdf,INGESTED,22,False,
Biotechnology - Principles and Processes.pdf,INGESTED,16,False,
Biotechnology and its Application.pdf,INGESTED,11,False,
Chemical Kinetics.pdf,INGESTED,28,False,
Continuity and Differentiability.pdf,INGESTED,43,False,
Coordination Compounds.pdf,INGESTED,23,False,
Current Electricity.pdf,INGESTED,26,False,
D and F Block Elements.pdf,INGESTED,32,False,
Determinants.pdf,INGESTED,29,False,
Differential Equations.pdf,INGESTED,38,False,
Dual Nature of Radiation and Matter.pdf,INGESTED,16,False,
Ecosystem.pdf,INGESTED,11,False,
Electric Charges and Fluids.pdf,INGESTED,44,False,
Electrochemistry.pdf,INGESTED,31,False,
Electromagnetic Induction.pdf,INGESTED,23,False,
Electromagnetic Waves.pdf,INGESTED,15,False,
Electrostatic Potential and Capacitance.pdf,INGESTED,36,False,
Evolution.pdf,INGESTED,17,False,
Haloalkanes and Halarenes.pdf,INGESTED,35,False,
Human Health and Diseases.pdf,INGESTED,22,False,
Human Reproduction.pdf,PENDING/NOT_INGESTED,0,False,
Integrals.pdf,INGESTED,67,False,
Inverse Trigonometric Functions.pdf,INGESTED,16,False,
Linear Programmming.pdf,INGESTED,12,False,
Magnetism and Matter.pdf,INGESTED,18,False,
Matrices.pdf,INGESTED,47,False,
Microbes in Human Welfare.pdf,INGESTED,12,False,
Molecular Basis of Inheritance.pdf,INGESTED,31,False,
Moving Charges and Magnetism.pdf,INGESTED,29,False,
Nuclei.pdf,INGESTED,17,False,
Organisms and Populations.pdf,INGESTED,17,False,
Principles of Inheritance and Variation.pdf,INGESTED,28,False,
Probability.pdf,INGESTED,33,False,
Ray Optics and Optical Instruments.pdf,INGESTED,34,False,
Relations and Functions.pdf,INGESTED,17,False,
Reproductive Health.pdf,INGESTED,10,False,
SemiConductor Electronics.pdf,INGESTED,21,False,
Sexual Reproduction in Flowering Plants.pdf,PENDING/NOT_INGESTED,0,False,
Solutions.pdf,INGESTED,30,False,
Vector Algebra.pdf,INGESTED,39,False,
Wave Optics.pdf,INGESTED,19,False,
